[
  {
    "Plan": {
      "Node Type": "Seq Scan",
      "Parallel Aware": false,
      "Relation Name": "store_sales",
      "Alias": "store_sales",
      "Startup Cost": 0.00,
      "Total Cost": 138099.24,
      "Plan Rows": 33892,
      "Plan Width": 111,
      "Actual Startup Time": 0.099,
      "Actual Total Time": 1237.967,
      "Actual Rows": 35596,
      "Actual Loops": 1,
      "Filter": "((ss_quantity >= 0) AND (ss_quantity <= 5) AND (((ss_list_price >= '51'::numeric) AND (ss_list_price <= '61'::numeric)) OR ((ss_coupon_amt >= '12565'::numeric) AND (ss_coupon_amt <= '13565'::numeric)) OR ((ss_wholesale_cost >= '52'::numeric) AND (ss_wholesale_cost <= '72'::numeric))))",
      "Rows Removed by Filter": 2844808
    },
    "Planning Time": 0.350,
    "Triggers": [
    ],
    "Execution Time": 1240.308
  }
]
