[
  {
    "Plan": {
      "Node Type": "Hash Join",
      "Parallel Aware": false,
      "Join Type": "Inner",
      "Startup Cost": 2504.66,
      "Total Cost": 93920.43,
      "Plan Rows": 12380,
      "Plan Width": 229,
      "Actual Startup Time": 16.509,
      "Actual Total Time": 1405.607,
      "Actual Rows": 548461,
      "Actual Loops": 1,
      "Hash Cond": "(store_sales.ss_sold_date_sk = date_dim.d_date_sk)",
      "Plans": [
        {
          "Node Type": "Seq Scan",
          "Parent Relationship": "Outer",
          "Parallel Aware": false,
          "Relation Name": "store_sales",
          "Alias": "store_sales",
          "Startup Cost": 0.00,
          "Total Cost": 80497.08,
          "Plan Rows": 2880108,
          "Plan Width": 111,
          "Actual Startup Time": 0.017,
          "Actual Total Time": 448.422,
          "Actual Rows": 2880404,
          "Actual Loops": 1
        },
        {
          "Node Type": "Hash",
          "Parent Relationship": "Inner",
          "Parallel Aware": false,
          "Startup Cost": 2500.73,
          "Total Cost": 2500.73,
          "Plan Rows": 314,
          "Plan Width": 118,
          "Actual Startup Time": 16.450,
          "Actual Total Time": 16.450,
          "Actual Rows": 365,
          "Actual Loops": 1,
          "Hash Buckets": 1024,
          "Original Hash Buckets": 1024,
          "Hash Batches": 1,
          "Original Hash Batches": 1,
          "Peak Memory Usage": 63,
          "Plans": [
            {
              "Node Type": "Seq Scan",
              "Parent Relationship": "Outer",
              "Parallel Aware": false,
              "Relation Name": "date_dim",
              "Alias": "date_dim",
              "Startup Cost": 0.00,
              "Total Cost": 2500.73,
              "Plan Rows": 314,
              "Plan Width": 118,
              "Actual Startup Time": 7.557,
              "Actual Total Time": 16.373,
              "Actual Rows": 365,
              "Actual Loops": 1,
              "Filter": "((d_month_seq >= 1223) AND (d_month_seq <= 1234))",
              "Rows Removed by Filter": 72684
            }
          ]
        }
      ]
    },
    "Planning Time": 0.237,
    "Triggers": [
    ],
    "Execution Time": 1426.053
  }
]
