[
  {
    "Plan": {
      "Node Type": "Seq Scan",
      "Parallel Aware": false,
      "Relation Name": "customer_address",
      "Alias": "customer_address",
      "Startup Cost": 0.00,
      "Total Cost": 1712.00,
      "Plan Rows": 1407,
      "Plan Width": 145,
      "Actual Startup Time": 0.013,
      "Actual Total Time": 14.594,
      "Actual Rows": 1418,
      "Actual Loops": 1,
      "Filter": "(ca_state = 'TN'::bpchar)",
      "Rows Removed by Filter": 48582
    },
    "Planning Time": 0.063,
    "Triggers": [
    ],
    "Execution Time": 14.673
  }
]
