[
  {
    "Plan": {
      "Node Type": "Seq Scan",
      "Parallel Aware": false,
      "Relation Name": "store_sales",
      "Alias": "store_sales",
      "Startup Cost": 0.00,
      "Total Cost": 94897.62,
      "Plan Rows": 560181,
      "Plan Width": 111,
      "Actual Startup Time": 0.031,
      "Actual Total Time": 960.344,
      "Actual Rows": 549402,
      "Actual Loops": 1,
      "Filter": "((ss_quantity >= 21) AND (ss_quantity <= 40))",
      "Rows Removed by Filter": 2331002
    },
    "Planning Time": 0.077,
    "Triggers": [
    ],
    "Execution Time": 981.099
  }
]
