[
  {
    "Plan": {
      "Node Type": "Seq Scan",
      "Parallel Aware": false,
      "Relation Name": "item",
      "Alias": "item",
      "Startup Cost": 0.00,
      "Total Cost": 3420.00,
      "Plan Rows": 5,
      "Plan Width": 503,
      "Actual Startup Time": 1.148,
      "Actual Total Time": 24.054,
      "Actual Rows": 4,
      "Actual Loops": 1,
      "Filter": "(((i_category = 'Women'::bpchar) AND ((i_color = 'chocolate'::bpchar) OR (i_color = 'lemon'::bpchar)) AND ((i_units = 'Unknown'::bpchar) OR (i_units = 'Oz'::bpchar)) AND ((i_size = 'petite'::bpchar) OR (i_size = 'small'::bpchar))) OR ((i_category = 'Women'::bpchar) AND ((i_color = 'light'::bpchar) OR (i_color = 'ivory'::bpchar)) AND ((i_units = 'Ounce'::bpchar) OR (i_units = 'Ton'::bpchar)) AND ((i_size = 'large'::bpchar) OR (i_size = 'medium'::bpchar))) OR ((i_category = 'Men'::bpchar) AND ((i_color = 'rose'::bpchar) OR (i_color = 'sandy'::bpchar)) AND ((i_units = 'Pound'::bpchar) OR (i_units = 'Lb'::bpchar)) AND ((i_size = 'NA'::bpchar) OR (i_size = 'extra_large'::bpchar))) OR ((i_category = 'Men'::bpchar) AND ((i_color = 'wheat'::bpchar) OR (i_color = 'burnished'::bpchar)) AND ((i_units = 'Dram'::bpchar) OR (i_units = 'Pallet'::bpchar)) AND ((i_size = 'petite'::bpchar) OR (i_size = 'small'::bpchar))))",
      "Rows Removed by Filter": 17996
    },
    "Planning Time": 0.332,
    "Triggers": [
    ],
    "Execution Time": 24.088
  }
]
