[
  {
    "Plan": {
      "Node Type": "Seq Scan",
      "Parallel Aware": false,
      "Relation Name": "date_dim",
      "Alias": "date_dim",
      "Startup Cost": 0.00,
      "Total Cost": 2683.36,
      "Plan Rows": 1,
      "Plan Width": 118,
      "Actual Startup Time": 8.381,
      "Actual Total Time": 16.745,
      "Actual Rows": 1,
      "Actual Loops": 1,
      "Filter": "((d_year = 2000) AND (d_moy = 12) AND (d_dom = 16))",
      "Rows Removed by Filter": 73048
    },
    "Planning Time": 0.083,
    "Triggers": [
    ],
    "Execution Time": 16.769
  }
]
