[
  {
    "Plan": {
      "Node Type": "Seq Scan",
      "Parallel Aware": false,
      "Relation Name": "catalog_returns",
      "Alias": "catalog_returns",
      "Startup Cost": 0.00,
      "Total Cost": 4677.84,
      "Plan Rows": 1339,
      "Plan Width": 126,
      "Actual Startup Time": 0.093,
      "Actual Total Time": 65.615,
      "Actual Rows": 1217,
      "Actual Loops": 1,
      "Filter": "(cr_return_amount > '10000'::numeric)",
      "Rows Removed by Filter": 142850
    },
    "Planning Time": 0.141,
    "Triggers": [
    ],
    "Execution Time": 65.687
  }
]
