[
  {
    "Plan": {
      "Node Type": "Seq Scan",
      "Parallel Aware": false,
      "Relation Name": "store_returns",
      "Alias": "store_returns",
      "Startup Cost": 0.00,
      "Total Cost": 8384.92,
      "Plan Rows": 1599,
      "Plan Width": 98,
      "Actual Startup Time": 1.544,
      "Actual Total Time": 120.367,
      "Actual Rows": 507,
      "Actual Loops": 1,
      "Filter": "(sr_return_amt > '10000'::numeric)",
      "Rows Removed by Filter": 287007
    },
    "Planning Time": 0.111,
    "Triggers": [
    ],
    "Execution Time": 120.424
  }
]
