[
  {
    "Plan": {
      "Node Type": "Seq Scan",
      "Parallel Aware": false,
      "Relation Name": "store_sales",
      "Alias": "store_sales",
      "Startup Cost": 0.00,
      "Total Cost": 94897.62,
      "Plan Rows": 542900,
      "Plan Width": 111,
      "Actual Startup Time": 0.036,
      "Actual Total Time": 940.090,
      "Actual Rows": 549650,
      "Actual Loops": 1,
      "Filter": "((ss_quantity >= 41) AND (ss_quantity <= 60))",
      "Rows Removed by Filter": 2330754
    },
    "Planning Time": 0.079,
    "Triggers": [
    ],
    "Execution Time": 960.035
  }
]
