[
  {
    "Plan": {
      "Node Type": "Seq Scan",
      "Parallel Aware": false,
      "Relation Name": "store_sales",
      "Alias": "store_sales",
      "Startup Cost": 0.00,
      "Total Cost": 94897.62,
      "Plan Rows": 553077,
      "Plan Width": 111,
      "Actual Startup Time": 0.028,
      "Actual Total Time": 914.771,
      "Actual Rows": 550565,
      "Actual Loops": 1,
      "Filter": "((ss_quantity >= 61) AND (ss_quantity <= 80))",
      "Rows Removed by Filter": 2329839
    },
    "Planning Time": 0.075,
    "Triggers": [
    ],
    "Execution Time": 935.425
  }
]
