[
  {
    "Plan": {
      "Node Type": "Hash Join",
      "Parallel Aware": false,
      "Join Type": "Inner",
      "Startup Cost": 4022.48,
      "Total Cost": 240117.36,
      "Plan Rows": 807,
      "Plan Width": 0,
      "Actual Startup Time": 1171.896,
      "Actual Total Time": 1942.402,
      "Actual Rows": 36270,
      "Actual Loops": 1,
      "Hash Cond": "(inventory.inv_warehouse_sk = warehouse.w_warehouse_sk)",
      "Plans": [
        {
          "Node Type": "Hash Join",
          "Parent Relationship": "Outer",
          "Parallel Aware": false,
          "Join Type": "Inner",
          "Startup Cost": 4021.37,
          "Total Cost": 240105.15,
          "Plan Rows": 807,
          "Plan Width": 4,
          "Actual Startup Time": 1171.881,
          "Actual Total Time": 1935.662,
          "Actual Rows": 36270,
          "Actual Loops": 1,
          "Hash Cond": "(inventory.inv_item_sk = item.i_item_sk)",
          "Plans": [
            {
              "Node Type": "Hash Join",
              "Parent Relationship": "Outer",
              "Parallel Aware": false,
              "Join Type": "Inner",
              "Startup Cost": 2501.77,
              "Total Cost": 238527.43,
              "Plan Rows": 13345,
              "Plan Width": 8,
              "Actual Startup Time": 1162.336,
              "Actual Total Time": 1871.343,
              "Actual Rows": 585000,
              "Actual Loops": 1,
              "Hash Cond": "(inventory.inv_date_sk = date_dim.d_date_sk)",
              "Plans": [
                {
                  "Node Type": "Seq Scan",
                  "Parent Relationship": "Outer",
                  "Parallel Aware": false,
                  "Relation Name": "inventory",
                  "Alias": "inventory",
                  "Startup Cost": 0.00,
                  "Total Cost": 191848.88,
                  "Plan Rows": 11744888,
                  "Plan Width": 12,
                  "Actual Startup Time": 0.010,
                  "Actual Total Time": 866.223,
                  "Actual Rows": 11745000,
                  "Actual Loops": 1
                },
                {
                  "Node Type": "Hash",
                  "Parent Relationship": "Inner",
                  "Parallel Aware": false,
                  "Startup Cost": 2500.73,
                  "Total Cost": 2500.73,
                  "Plan Rows": 83,
                  "Plan Width": 4,
                  "Actual Startup Time": 9.225,
                  "Actual Total Time": 9.225,
                  "Actual Rows": 90,
                  "Actual Loops": 1,
                  "Hash Buckets": 1024,
                  "Original Hash Buckets": 1024,
                  "Hash Batches": 1,
                  "Original Hash Batches": 1,
                  "Peak Memory Usage": 12,
                  "Plans": [
                    {
                      "Node Type": "Seq Scan",
                      "Parent Relationship": "Outer",
                      "Parallel Aware": false,
                      "Relation Name": "date_dim",
                      "Alias": "date_dim",
                      "Startup Cost": 0.00,
                      "Total Cost": 2500.73,
                      "Plan Rows": 83,
                      "Plan Width": 4,
                      "Actual Startup Time": 4.274,
                      "Actual Total Time": 9.186,
                      "Actual Rows": 90,
                      "Actual Loops": 1,
                      "Filter": "((d_date >= '2001-02-14'::date) AND (d_date <= '2001-05-14'::date))",
                      "Rows Removed by Filter": 72959
                    }
                  ]
                }
              ]
            },
            {
              "Node Type": "Hash",
              "Parent Relationship": "Inner",
              "Parallel Aware": false,
              "Startup Cost": 1506.00,
              "Total Cost": 1506.00,
              "Plan Rows": 1088,
              "Plan Width": 4,
              "Actual Startup Time": 9.533,
              "Actual Total Time": 9.534,
              "Actual Rows": 1104,
              "Actual Loops": 1,
              "Hash Buckets": 2048,
              "Original Hash Buckets": 2048,
              "Hash Batches": 1,
              "Original Hash Batches": 1,
              "Peak Memory Usage": 55,
              "Plans": [
                {
                  "Node Type": "Seq Scan",
                  "Parent Relationship": "Outer",
                  "Parallel Aware": false,
                  "Relation Name": "item",
                  "Alias": "item",
                  "Startup Cost": 0.00,
                  "Total Cost": 1506.00,
                  "Plan Rows": 1088,
                  "Plan Width": 4,
                  "Actual Startup Time": 0.007,
                  "Actual Total Time": 9.169,
                  "Actual Rows": 1104,
                  "Actual Loops": 1,
                  "Filter": "((i_current_price >= 0.99) AND (i_current_price <= 1.49))",
                  "Rows Removed by Filter": 16896
                }
              ]
            }
          ]
        },
        {
          "Node Type": "Hash",
          "Parent Relationship": "Inner",
          "Parallel Aware": false,
          "Startup Cost": 1.05,
          "Total Cost": 1.05,
          "Plan Rows": 5,
          "Plan Width": 4,
          "Actual Startup Time": 0.009,
          "Actual Total Time": 0.009,
          "Actual Rows": 5,
          "Actual Loops": 1,
          "Hash Buckets": 1024,
          "Original Hash Buckets": 1024,
          "Hash Batches": 1,
          "Original Hash Batches": 1,
          "Peak Memory Usage": 9,
          "Plans": [
            {
              "Node Type": "Seq Scan",
              "Parent Relationship": "Outer",
              "Parallel Aware": false,
              "Relation Name": "warehouse",
              "Alias": "warehouse",
              "Startup Cost": 0.00,
              "Total Cost": 1.05,
              "Plan Rows": 5,
              "Plan Width": 4,
              "Actual Startup Time": 0.005,
              "Actual Total Time": 0.006,
              "Actual Rows": 5,
              "Actual Loops": 1
            }
          ]
        }
      ]
    },
    "Planning Time": 0.431,
    "Triggers": [
    ],
    "Execution Time": 1943.752
  }
]
