[{"Triggers": [], "Planning Time": 0.71, "Plan": {"Partial Mode": "Simple", "Startup Cost": 99461.27, "Plan Width": 111, "Plans": [{"Startup Cost": 96637.16, "Plan Width": 111, "Plans": [{"Startup Cost": 93588.56, "Plan Width": 111, "Plans": [{"Startup Cost": 93587.29, "Plan Width": 99, "Plans": [{"Startup Cost": 0.0, "Plan Width": 44, "Actual Total Time": 4.525, "Node Type": "Seq Scan", "Total Cost": 1587.0, "Plan Rows": 50000, "Relation Name": "customer_address", "Alias": "customer_address", "Parallel Aware": false, "Actual Rows": 50000, "Parent Relationship": "Outer", "Actual Startup Time": 0.005, "Actual Loops": 1}, {"Hash Buckets": 16384, "Startup Cost": 93385.14, "Plan Width": 63, "Plans": [{"Startup Cost": 88618.42, "Plan Width": 63, "Plans": [{"Startup Cost": 0.0, "Plan Width": 12, "Actual Total Time": 9.97, "Node Type": "Seq Scan", "Total Cost": 3855.0, "Plan Rows": 100000, "Relation Name": "customer", "Alias": "customer", "Parallel Aware": false, "Actual Rows": 94736, "Parent Relationship": "Outer", "Actual Startup Time": 0.004, "Actual Loops": 1}, {"Hash Buckets": 16384, "Startup Cost": 88416.27, "Plan Width": 59, "Plans": [{"Startup Cost": 1732.39, "Plan Width": 59, "Plans": [{"Startup Cost": 0.0, "Plan Width": 12, "Actual Total Time": 321.043, "Node Type": "Seq Scan", "Total Cost": 76687.57, "Plan Rows": 2622557, "Relation Name": "store_sales", "Alias": "store_sales", "Parallel Aware": false, "Actual Rows": 2485280, "Parent Relationship": "Outer", "Actual Startup Time": 0.028, "Actual Loops": 1}, {"Hash Buckets": 1024, "Startup Cost": 1731.0, "Plan Width": 55, "Plans": [{"Relation Name": "item", "Startup Cost": 0.0, "Plan Width": 55, "Actual Total Time": 12.122, "Node Type": "Seq Scan", "Total Cost": 1731.0, "Plan Rows": 111, "Filter": "((i_current_price >= '6'::numeric) AND (i_current_price <= '16'::numeric) AND (i_current_price >= '7'::numeric) AND (i_current_price <= '21'::numeric) AND (i_color = ANY ('{lavender,metallic,beige,gainsboro,chartreuse,lemon}'::bpchar[])))", "Alias": "item", "Parallel Aware": false, "Actual Rows": 92, "Parent Relationship": "Outer", "Actual Startup Time": 0.216, "Rows Removed by Filter": 17908, "Actual Loops": 1}], "Original Hash Buckets": 1024, "Hash Batches": 1, "Node Type": "Hash", "Total Cost": 1731.0, "Plan Rows": 111, "Actual Total Time": 12.173, "Parallel Aware": false, "Actual Rows": 92, "Parent Relationship": "Inner", "Peak Memory Usage": 16, "Actual Startup Time": 12.173, "Original Hash Batches": 1, "Actual Loops": 1}], "Plan Rows": 16172, "Total Cost": 88416.27, "Node Type": "Hash Join", "Join Type": "Inner", "Actual Total Time": 586.07, "Parallel Aware": false, "Actual Rows": 12769, "Parent Relationship": "Outer", "Hash Cond": "(store_sales.ss_item_sk = item.i_item_sk)", "Actual Startup Time": 12.219, "Actual Loops": 1}], "Original Hash Buckets": 16384, "Hash Batches": 1, "Node Type": "Hash", "Total Cost": 88416.27, "Plan Rows": 16172, "Actual Total Time": 590.752, "Parallel Aware": false, "Actual Rows": 12769, "Parent Relationship": "Inner", "Peak Memory Usage": 1258, "Actual Startup Time": 590.752, "Original Hash Batches": 1, "Actual Loops": 1}], "Plan Rows": 16172, "Total Cost": 93385.14, "Node Type": "Hash Join", "Join Type": "Inner", "Actual Total Time": 620.651, "Parallel Aware": false, "Actual Rows": 12769, "Parent Relationship": "Outer", "Hash Cond": "(customer.c_customer_sk = store_sales.ss_customer_sk)", "Actual Startup Time": 590.768, "Actual Loops": 1}], "Original Hash Buckets": 16384, "Hash Batches": 1, "Node Type": "Hash", "Total Cost": 93385.14, "Plan Rows": 16172, "Actual Total Time": 624.009, "Parallel Aware": false, "Actual Rows": 12769, "Parent Relationship": "Inner", "Peak Memory Usage": 1307, "Actual Startup Time": 624.009, "Original Hash Batches": 1, "Actual Loops": 1}], "Plan Rows": 16172, "Total Cost": 95648.51, "Node Type": "Hash Join", "Join Type": "Inner", "Actual Total Time": 638.981, "Parallel Aware": false, "Actual Rows": 12769, "Parent Relationship": "Outer", "Hash Cond": "(customer_address.ca_address_sk = customer.c_current_addr_sk)", "Actual Startup Time": 624.028, "Actual Loops": 1}, {"Hash Buckets": 1024, "Startup Cost": 1.12, "Plan Width": 20, "Plans": [{"Startup Cost": 0.0, "Plan Width": 20, "Actual Total Time": 0.012, "Node Type": "Seq Scan", "Total Cost": 1.12, "Plan Rows": 12, "Relation Name": "store", "Alias": "store", "Parallel Aware": false, "Actual Rows": 12, "Parent Relationship": "Outer", "Actual Startup Time": 0.009, "Actual Loops": 1}], "Original Hash Buckets": 1024, "Hash Batches": 1, "Node Type": "Hash", "Total Cost": 1.12, "Plan Rows": 12, "Actual Total Time": 0.017, "Parallel Aware": false, "Actual Rows": 12, "Parent Relationship": "Inner", "Peak Memory Usage": 9, "Actual Startup Time": 0.017, "Original Hash Batches": 1, "Actual Loops": 1}], "Plan Rows": 16172, "Total Cost": 95872.14, "Node Type": "Hash Join", "Join Type": "Inner", "Actual Total Time": 641.699, "Parallel Aware": false, "Actual Rows": 12769, "Parent Relationship": "Outer", "Hash Cond": "(store_sales.ss_store_sk = store.s_store_sk)", "Actual Startup Time": 624.058, "Actual Loops": 1}, {"Hash Buckets": 131072, "Startup Cost": 2135.49, "Plan Width": 8, "Plans": [{"Startup Cost": 0.0, "Plan Width": 8, "Actual Total Time": 10.929, "Node Type": "Seq Scan", "Total Cost": 2135.49, "Plan Rows": 73049, "Relation Name": "date_dim", "Alias": "date_dim", "Parallel Aware": false, "Actual Rows": 73049, "Parent Relationship": "Outer", "Actual Startup Time": 0.006, "Actual Loops": 1}], "Original Hash Buckets": 131072, "Hash Batches": 1, "Node Type": "Hash", "Total Cost": 2135.49, "Plan Rows": 73049, "Actual Total Time": 20.983, "Parallel Aware": false, "Actual Rows": 73049, "Parent Relationship": "Inner", "Peak Memory Usage": 3878, "Actual Startup Time": 20.982, "Original Hash Batches": 1, "Actual Loops": 1}], "Plan Rows": 16172, "Total Cost": 99137.83, "Node Type": "Hash Join", "Join Type": "Inner", "Actual Total Time": 666.7, "Parallel Aware": false, "Actual Rows": 17727016, "Parent Relationship": "Outer", "Hash Cond": "(customer.c_first_sales_date_sk = date_dim.d_date_sk)", "Actual Startup Time": 645.087, "Actual Loops": 1}], "Node Type": "Aggregate", "Total Cost": 99622.99, "Strategy": "Hashed", "Actual Total Time": 679.071, "Plan Rows": 16172, "Parallel Aware": false, "Actual Rows": 17234109, "Group Key": ["item.i_product_name", "store.s_store_name", "store.s_zip", "customer_address.ca_street_number", "customer_address.ca_street_name", "customer_address.ca_city", "customer_address.ca_zip", "date_dim.d_year"], "Actual Startup Time": 676.343, "Actual Loops": 1}, "Execution Time": 679.541}]