[
  {
    "Plan": {
      "Node Type": "Seq Scan",
      "Parallel Aware": false,
      "Relation Name": "store_sales",
      "Alias": "store_sales",
      "Startup Cost": 0.00,
      "Total Cost": 138099.24,
      "Plan Rows": 29518,
      "Plan Width": 111,
      "Actual Startup Time": 0.248,
      "Actual Total Time": 1047.258,
      "Actual Rows": 30087,
      "Actual Loops": 1,
      "Filter": "((ss_quantity >= 21) AND (ss_quantity <= 25) AND (((ss_list_price >= '153'::numeric) AND (ss_list_price <= '163'::numeric)) OR ((ss_coupon_amt >= '4490'::numeric) AND (ss_coupon_amt <= '5490'::numeric)) OR ((ss_wholesale_cost >= '14'::numeric) AND (ss_wholesale_cost <= '34'::numeric))))",
      "Rows Removed by Filter": 2850317
    },
    "Planning Time": 0.262,
    "Triggers": [
    ],
    "Execution Time": 1048.615
  }
]
