[
  {
    "Plan": {
      "Node Type": "Seq Scan",
      "Parallel Aware": false,
      "Relation Name": "item",
      "Alias": "item",
      "Startup Cost": 0.00,
      "Total Cost": 2227.50,
      "Plan Rows": 164,
      "Plan Width": 17,
      "Actual Startup Time": 0.129,
      "Actual Total Time": 12.653,
      "Actual Rows": 164,
      "Actual Loops": 1,
      "Filter": "(i_color = ANY ('{almond,dodger,dim}'::bpchar[]))",
      "Rows Removed by Filter": 17836
    },
    "Planning Time": 0.131,
    "Triggers": [
    ],
    "Execution Time": 12.670
  }
]
