[
  {
    "Plan": {
      "Node Type": "Seq Scan",
      "Parallel Aware": false,
      "Relation Name": "date_dim",
      "Alias": "date_dim",
      "Startup Cost": 0.00,
      "Total Cost": 2318.11,
      "Plan Rows": 7,
      "Plan Width": 118,
      "Actual Startup Time": 8.688,
      "Actual Total Time": 16.391,
      "Actual Rows": 7,
      "Actual Loops": 1,
      "Filter": "(d_week_seq = 5332)",
      "Rows Removed by Filter": 73042
    },
    "Planning Time": 0.078,
    "Triggers": [
    ],
    "Execution Time": 16.417
  }
]
