[
  {
    "Plan": {
      "Node Type": "Seq Scan",
      "Parallel Aware": false,
      "Relation Name": "date_dim",
      "Alias": "date_dim",
      "Startup Cost": 0.00,
      "Total Cost": 2409.42,
      "Plan Rows": 21,
      "Plan Width": 118,
      "Actual Startup Time": 9.038,
      "Actual Total Time": 18.164,
      "Actual Rows": 21,
      "Actual Loops": 1,
      "Filter": "(d_week_seq = ANY ('{5181,5205,5211}'::integer[]))",
      "Rows Removed by Filter": 73028
    },
    "Planning Time": 0.120,
    "Triggers": [
    ],
    "Execution Time": 18.195
  }
]
