[
  {
    "Plan": {
      "Node Type": "Seq Scan",
      "Parallel Aware": false,
      "Relation Name": "store_sales",
      "Alias": "store_sales",
      "Startup Cost": 0.00,
      "Total Cost": 94897.62,
      "Plan Rows": 549621,
      "Plan Width": 111,
      "Actual Startup Time": 0.032,
      "Actual Total Time": 868.944,
      "Actual Rows": 550788,
      "Actual Loops": 1,
      "Filter": "((ss_quantity >= 81) AND (ss_quantity <= 100))",
      "Rows Removed by Filter": 2329616
    },
    "Planning Time": 0.075,
    "Triggers": [
    ],
    "Execution Time": 889.126
  }
]
