[
  {
    "Plan": {
      "Node Type": "Hash Join",
      "Parallel Aware": false,
      "Join Type": "Inner",
      "Startup Cost": 2501.88,
      "Total Cost": 93834.03,
      "Plan Rows": 3627,
      "Plan Width": 229,
      "Actual Startup Time": 20.667,
      "Actual Total Time": 997.102,
      "Actual Rows": 147381,
      "Actual Loops": 1,
      "Hash Cond": "(store_sales.ss_sold_date_sk = date_dim.d_date_sk)",
      "Plans": [
        {
          "Node Type": "Seq Scan",
          "Parent Relationship": "Outer",
          "Parallel Aware": false,
          "Relation Name": "store_sales",
          "Alias": "store_sales",
          "Startup Cost": 0.00,
          "Total Cost": 80497.08,
          "Plan Rows": 2880108,
          "Plan Width": 111,
          "Actual Startup Time": 0.036,
          "Actual Total Time": 448.462,
          "Actual Rows": 2880404,
          "Actual Loops": 1
        },
        {
          "Node Type": "Hash",
          "Parent Relationship": "Inner",
          "Parallel Aware": false,
          "Startup Cost": 2500.73,
          "Total Cost": 2500.73,
          "Plan Rows": 92,
          "Plan Width": 118,
          "Actual Startup Time": 20.617,
          "Actual Total Time": 20.617,
          "Actual Rows": 92,
          "Actual Loops": 1,
          "Hash Buckets": 1024,
          "Original Hash Buckets": 1024,
          "Hash Batches": 1,
          "Original Hash Batches": 1,
          "Peak Memory Usage": 22,
          "Plans": [
            {
              "Node Type": "Seq Scan",
              "Parent Relationship": "Outer",
              "Parallel Aware": false,
              "Relation Name": "date_dim",
              "Alias": "date_dim",
              "Startup Cost": 0.00,
              "Total Cost": 2500.73,
              "Plan Rows": 92,
              "Plan Width": 118,
              "Actual Startup Time": 10.632,
              "Actual Total Time": 20.592,
              "Actual Rows": 92,
              "Actual Loops": 1,
              "Filter": "((d_qoy = 3) AND (d_year = 2000))",
              "Rows Removed by Filter": 72957
            }
          ]
        }
      ]
    },
    "Planning Time": 0.302,
    "Triggers": [
    ],
    "Execution Time": 1002.745
  }
]
