[
  {
    "Plan": {
      "Node Type": "Seq Scan",
      "Parallel Aware": false,
      "Relation Name": "date_dim",
      "Alias": "date_dim",
      "Startup Cost": 0.00,
      "Total Cost": 2500.73,
      "Plan Rows": 31,
      "Plan Width": 118,
      "Actual Startup Time": 8.425,
      "Actual Total Time": 16.844,
      "Actual Rows": 31,
      "Actual Loops": 1,
      "Filter": "((d_year = 1998) AND (d_moy = 5))",
      "Rows Removed by Filter": 73018
    },
    "Planning Time": 0.109,
    "Triggers": [
    ],
    "Execution Time": 16.874
  }
]
